{
  "page1":[
    {
      "nub": "1",
      "path": "img/img1/eeea1a08f3cb6d591f54ed986bf877583b66d699b32bb-FX8hFb_sq320.png",
      "position": "0 0",
      "h3": "《同学两亿岁》",
      "采集": "4 采集",
      "粉丝": "3 粉丝",
      "span": "网剧《同学两亿岁》"
    },
    {
      "nub": "2",
      "path": "img/img1/8315b151bd0d9127b08c7204287243e8c712997d19b9a-lEFmOy_sq320.jpg",
      "position": "0 0",
      "h3": "二次元世界",
      "采集": "15099 采集",
      "粉丝": "17699 粉丝",
      "span": "黑化前女友"
    },
    {
      "nub": "3",
      "path": "img/img1/d0d118f47b6941ed882a0ef97da494f918a75859a259-jNxU5e_sq320.jpg",
      "path2": "img/img1/d0d118f47b6941ed882a0ef97da494f918a75859a259-jNxU5e_sq308bl20.jpg"
    },
    {
      "nub": "4",
      "path": "img/img1/66f63fd5b451d429a251dd00a0ff82932fcc16d416731-uOeNgu_sq320.jpg",
      "data-descript": "铁塔"
    },
    {
      "nub": "5",
      "path": "img/img1/0eb5c60eab3877f72dd015194b5b0cfe2eb972dc1ea3b-XfDG2Y_sq320.jpg",
      "position": "0 0",
      "h3": "咖啡拉花",
      "采集": "15099 采集",
      "粉丝": "17699 粉丝",
      "span": "黑化前女友"
    },
    {
      "nub": "6",
      "path": "img/img1/761c128f98b92d1cd0eb4cf6e321b5b45e54918862169-B47dlW_sq320.jpg",
      "position": "0 0",
      "h3": "花",
      "采集": "2170 采集",
      "粉丝": "338 粉丝",
      "span": "guozyan"
    },
    {
      "nub": "7",
      "path": "img/img1/c96fec3d9664f3afe52eb32edd673b43b5bbcb1a129c6-AfqQ6K_sq320.jpg",
      "position": "0 0",
      "h3": "创意灯具",
      "采集": "2170 采集",
      "粉丝": "338 粉丝",
      "span": "guozyan"
    },
    {
      "nub": "8",
      "path": "img/img1/03763f2a4cfe864f3437f3271916c61da69e88ce1abf4-3rPzD1_sq320.jpg",
      "position": "0 0",
      "h3": "水下摄影",
      "采集": "2170 采集",
      "粉丝": "338 粉丝",
      "span": "guozyan"
    },
    {
      "nub": "9",
      "path": "img/img1/b570e469ecc6f2064bfa4bc1cd79647a3f16222b1061f-TERVSp_sq320.jpg",
      "data-descript": "请柬设计"
    },
    {
      "nub": "10",
      "path": "img/img1/16c63240c54d10a2ff1dedf5bf34c092f6997dc12f1d4-QBlxDN_sq320.jpg",
      "data-descript": "水彩地图"
    },
    {
      "nub": "11",
      "path": "img/img1/0f192e25a904711c1e0d3e65d40129afb1b751237c6a2-0N7d5Z_sq320.jpg",
      "position": "0 0",
      "h3": "萌妹子",
      "采集": "311 采集",
      "粉丝": "179 粉丝",
      "span": "凉茶小兮"
    },
    {
      "nub": "12",
      "path": "img/img1/3fafe2c0aaec80267da4d8c52a523a71ad81238a9760-5CYIdW_sq320.jpg",
      "position": "0 0",
      "h3": "皇冠",
      "采集": "2170 采集",
      "粉丝": "338 粉丝",
      "span": "guozyan"
    },
    {
      "nub": "13",
      "path": "img/img1/0abafcbe986b3c8cd7578536c4843af844b99b4a6ecd-59GWam_sq320.jpg",
      "position": "0 0",
      "h3": "ILLUSTRATION",
      "采集": "210 采集",
      "粉丝": "478 粉丝",
      "span": "徐遮月"
    },
    {
      "nub": "14",
      "path": "img/img1/a6703dcf3cb9b11f4ded0990c63642570cb310ba9e57-1WddoU_sq320.jpg",
      "position": "0 0",
      "h3": "日式海报",
      "采集": "2644 采集",
      "粉丝": "249 粉丝",
      "span": "futurana"
    },
    {
      "nub": "15",
      "path": "img/img1/99128f9e0f1d4d036ebaa9743a7481ede15be7a4843-7vjnKj_sq320.jpg",
      "path2": "img/img1/99128f9e0f1d4d036ebaa9743a7481ede15be7a4843-7vjnKj_sq308bl20.jpg"
    }
  ]
}
